{"schemaVersion":"1.0","appDefinitionTemplate":{"id":"/providers/Microsoft.PowerApps/apps/","type":"Microsoft.PowerApps/apps","tags":{"primaryDeviceWidth":"640","primaryDeviceHeight":"1136","sienaVersion":"20200914T024913Z-3.20085.19.0","deviceCapabilities":"","supportsPortrait":"true","supportsLandscape":"false","primaryFormFactor":"Phone","publisherVersion":"3.20085.19","minimumRequiredApiVersion":"2.2.0","hasComponent":"false","hasUnlockedComponent":"false","isUnifiedRootApp":"false"},"properties":{"appVersion":"2020-09-14T02:49:13Z","lifeCycleId":"Published","createdByClientVersion":{"major":3,"minor":20085,"build":19,"revision":0,"majorRevision":0,"minorRevision":0},"minClientVersion":{"major":3,"minor":20085,"build":19,"revision":0,"majorRevision":0,"minorRevision":0},"backgroundColor":"rgba(0, 176, 240, 1)","backgroundImageUri":"/3415896106158679096/N72e2e334-d4f6-4fe1-b418-0bb0da21802f-logoSmallFile","displayName":"testest","description":"","commitMessage":"","appUris":{"documentUri":{"value":"/3415896106158679096/N1d1b47cc-931d-4746-9bd4-909108b9ebce-document.msapp","readonlyValue":"/3415896106158679096/N1d1b47cc-931d-4746-9bd4-909108b9ebce-document.msapp"},"imageUris":[]},"createdTime":"0001-01-01T00:00:00Z","lastModifiedTime":"0001-01-01T00:00:00Z","sharedGroupsCount":0,"sharedUsersCount":0,"icons":{"smallIconUri":"/3415896106158679096/N3b02503f-80ef-4e57-9d64-f517cf076c9d-small.png","mediumIconUri":"/3415896106158679096/N3502bf19-a4a0-498f-9029-e93355375bb3-medium.png","largeIconUri":"/3415896106158679096/Nb4811cca-2620-403c-a7d6-257bfcf5335f-large.png","wideIconUri":"/3415896106158679096/Nd0967b92-a963-4012-8b22-4e136a4c3739-wide.png"},"connectionReferences":{"00bd4438-7083-4c8d-819c-fc8b3b35a4a0":{"id":"381c16d0-9e55-402d-ab09-4929f0230b72","displayName":"Excel","iconUri":"https://connectoricons-prod.azureedge.net/excel/icon_1.0.1352.2014.png","dataSources":["Table1"],"dependencies":["d751aabb-fc6c-4511-a9cf-89fcdd1d12ab"],"dependents":[],"parameterHints":{"d751aabb-fc6c-4511-a9cf-89fcdd1d12ab":{"value":"fileSource"}},"isOnPremiseConnection":false,"dataSets":{"b!jHZEW43uwE6VOHsHQQ3fLfiIDVx6nqZAkm1Hp45WamubAu2iiBSOS6vTCpp5_LN7.01EWHNLPAQ7ISIR5LLQBE2JS7XWCFKWPSX":{"dataSources":{"Table1":{"tableName":"Table1"}}}},"apiTier":"Standard","isCustomApiConnection":false},"d751aabb-fc6c-4511-a9cf-89fcdd1d12ab":{"id":"024ca24e-e939-44d4-91c6-f36379985446","displayName":"OneDrive for Business","iconUri":"https://connectoricons-prod.azureedge.net/onedriveforbusiness/icon_1.0.1341.1987.png","dataSources":[],"dependencies":[],"dependents":["00bd4438-7083-4c8d-819c-fc8b3b35a4a0"],"parameterHints":{},"isOnPremiseConnection":false,"dataSets":{},"apiTier":"Standard","isCustomApiConnection":false}},"databaseReferences":{},"almMode":"Environment","performanceOptimizationEnabled":true,"canConsumeAppPass":true},"isAppComponentLibrary":false,"appType":"ClassicCanvasApp","appComponents":[]}}